# central params,,,,,,,,,,,,,,,,,,,,,,,,,,
location,canadaCentral,,,,,,,,,,,,,,,,,,,,,,,,,
region,canadaCentral,,,,,,,,,,,,,,,,,,,,,,,,,
# provider version lock to ensure code stability for various providers,,,,,,,,,,,,,,,,,,,,,,,,,,
# provider lock trigger,name of provider,version locked,additional providers locked?,,,,,,,,,,,,,,,,,,,,,,,
provider,azurerm,v1.36.0,yes,,,,,,,,,,,,,,,,,,,,,,,
provider,azuread,v0.7.0,yes,,,,,,,,,,,,,,,,,,,,,,,
provider,null,v2.1.2,yes,,,,,,,,,,,,,,,,,,,,,,,
provider,random,v2.2.1,yes,,,,,,,,,,,,,,,,,,,,,,,
provider,template,v2.1.2,yes,,,,,,,,,,,,,,,,,,,,,,,
provider,local,v1.4.0,no,,,,,,,,,,,,,,,,,,,,,,,
# subscription,declared as azurerm providers in config.tf,subs id,Env name,subs name,,,,,,,,,,,,,,,,,,,,,,
"# subs config data for multiple tenants - actual prod deployment - Core, Prod, and Dev; switch values as needed to direct subs",,,,,,,,,,,,,,,,,,,,,,,,,,
# subs indicator,name,subs id,designation,short name,,,,,,,,,,,,,,,,,,,,,,
# only sample values of subs are provided here; please input your real values,,,,,,,,,,,,,,,,,,,,,,,,,,
subscription,LzPc-PBMM Core,13a2b9b4d8db6b2c243426d5f4807d65,PBMM,Core,,,,,,,,,,,,,,,,,,,,,,
subscription,LzPc-PBMM Production,9a5401c5c687351026514a0d0eadd8b4,PBMM,Production,,,,,,,,,,,,,,,,,,,,,,
subscription,LzDc-PBMM Development,6c4c4cc3eb7dd043ced6cac7d19c7350,PBMM,Development,,,,,,,,,,,,,,,,,,,,,,
# resource group tags; applies to resource groups only - contains the extra variable enrollment data,,,,,,,,,,,,,,,,,,,,,,,,,,
rg-tags,"env=""dev"";costcenter=""12345"";classification=""pbmm"";owner=""director.cloud@canada.ca"";contact=""tech.advisor@canada.ca"";deployment=""azure-lz-iac-2020-06-12"";",,,,,,,,,,,,,,,,,,,,,,,,,
# rg name; must end in rg to be detected,Subscription,#,#Resource Group,automate IAC?,,,,,,,,,,,,,,,,,,,,,,
LzPc-Network_Core-rg,LzPc-PBMM Core,#,Network_Core,yes,,,,,,,,,,,,,,,,,,,,,,
LzPc-Security_Core-rg,LzPc-PBMM Core,#,Security_Core,yes,,,,,,,,,,,,,,,,,,,,,,
LzPc-Security_Core_External-rg,LzPc-PBMM Core,#,Security_Core_External,yes,,,,,,,,,,,,,,,,,,,,,,
LzPc-System_Core-rg,LzPc-PBMM Core,#,System_Core,yes,,,,,,,,,,,,,,,,,,,,,,
LzPc-KeyVault_Core-rg,LzPc-PBMM Core,#,KeyVault_Core,yes,,,,,,,,,,,,,,,,,,,,,,
LzDc-Network_Dev-rg,LzDc-PBMM Development,#,Network_Dev,yes,,,,,,,,,,,,,,,,,,,,,,
LzDc-Security_Dev-rg,LzDc-PBMM Development,#,Security_Dev,yes,,,,,,,,,,,,,,,,,,,,,,
LzDc-System_Dev-rg,LzDc-PBMM Development,#,System_Dev,yes,,,,,,,,,,,,,,,,,,,,,,
LzDc-KeyVault_Dev-rg,LzDc-PBMM Development,#,KeyVault_Dev,yes,,,,,,,,,,,,,,,,,,,,,,
LzPc-Network_Prod-rg,LzPc-PBMM Production,#,Network_Prod,yes,,,,,,,,,,,,,,,,,,,,,,
LzPc-Security_Prod-rg,LzPc-PBMM Production,#,Security_Prod,yes,,,,,,,,,,,,,,,,,,,,,,
LzPc-System_Prod-rg,LzPc-PBMM Production,#,System_Prod,yes,,,,,,,,,,,,,,,,,,,,,,
LzPc-KeyVault_Prod-rg,LzPc-PBMM Production,#,KeyVault_Prod,yes,,,,,,,,,,,,,,,,,,,,,,
# universal set of tags applied to all supporting resources except for resource groups [these have a separate set of tags above],,,,,,,,,,,,,,,,,,,,,,,,,,
all-tags,"env=""dev"";costcenter=""12345"";classification=""pbmm"";owner=""director.cloud@canada.ca"";contact=""tech.advisor@canada.ca"";deployment=""azure-lz-iac-2020-06-12"";",,,,,,,,,,,,,,,,,,,,,,,,,
# vnet virtual networks ; must end in vnet to be detected,Vnet IP Block,Resource Group,subscription,#,VNET Names,Comment,Description,,,,,,,,,,,,,,,,,,,
LzDcCNR-Dev_PAZ-vnet,172.17.224.0/20,LzDc-Network_Dev-rg,LzDc-PBMM Development,#,Dev_PAZ,Development - PAZ,VDC Dev PAZ Containment Area,,,,,,,,,,,,,,,,,,,
LzDcCNR-Dev-vnet,172.17.64.0/20,LzDc-Network_Dev-rg,LzDc-PBMM Development,#,Dev,Development,VDC Dev Shared Containment Area,,,,,,,,,,,,,,,,,,,
LzPcCNR-Core-vnet,172.16.0.0/19,LzPc-Network_Core-rg,LzPc-PBMM Core,#,Core,Core / Hub,VDC Core and Edge Network Services,,,,,,,,,,,,,,,,,,,
LzPcCNR-MRZ-vnet,172.16.32.0/20,LzPc-Network_Core-rg,LzPc-PBMM Core,#,MRZ,Management,VDC Management Restricted Zone,,,,,,,,,,,,,,,,,,,
LzPcCNR-Prod_PAZ-vnet,172.16.224.0/20,LzPc-Network_Prod-rg,LzPc-PBMM Production,#,Prod_PAZ,Production - PAZ,VDC Production PAZ Containment Area,,,,,,,,,,,,,,,,,,,
LzPcCNR-Prod-vnet,172.16.64.0/20,LzPc-Network_Prod-rg,LzPc-PBMM Production,#,Prod,Production,VDC Production Shared Containment Area,,,,,,,,,,,,,,,,,,,
# snet subnets ; must end in snet to be detected,Subnet IP,Resource Group,Vnet,Subscription,snet short name,rt table associated,nsg applied,#,Description,vnet short name,designation,removed nsg,,,,,,,,,,,,,,
LzDcCNR-Dev_PAZ-App-snet,172.17.225.0/24,LzDc-Network_Dev-rg,LzDcCNR-Dev_PAZ-vnet,LzDc-PBMM Development,Dev_PAZ-App,LzDcCNR-Dev_PAZ-rt,LzDcCNR-Dev_PAZ-App-nsg,#,Public Access Zone Web Apps,Dev_PAZ,App,,,,,,,,,,,,,,,
LzDcCNR-Dev_PAZ-FE-snet,172.17.224.0/24,LzDc-Network_Dev-rg,LzDcCNR-Dev_PAZ-vnet,LzDc-PBMM Development,Dev_PAZ-FE,LzDcCNR-Dev_PAZ-rt,LzDcCNR-Dev_PAZ-FE-nsg,#,Public Access Zone Foundational Elements,Dev_PAZ,FE_Pub,,,,,,,,,,,,,,,
LzDcCNR-Dev-App-snet,172.17.66.0/24,LzDc-Network_Dev-rg,LzDcCNR-Dev-vnet,LzDc-PBMM Development,Dev-App,LzDcCNR-Dev-rt,LzDcCNR-Dev-App-nsg,#,Application zone,Dev,App,,,,,,,,,,,,,,,
LzDcCNR-Dev-Data-snet,172.17.67.0/24,LzDc-Network_Dev-rg,LzDcCNR-Dev-vnet,LzDc-PBMM Development,Dev-Data,LzDcCNR-Dev-rt,LzDcCNR-Dev-Data-nsg,#,Data Zone,Dev,Data,,,,,,,,,,,,,,,
LzDcCNR-Dev-FE-snet,172.17.64.0/24,LzDc-Network_Dev-rg,LzDcCNR-Dev-vnet,LzDc-PBMM Development,Dev-FE,LzDcCNR-Dev-rt,LzDcCNR-Dev-FE-nsg,#,Internal Foundational Elements,Dev,FE_Priv,,,,,,,,,,,,,,,
LzDcCNR-Dev-Pres-snet,172.17.65.0/24,LzDc-Network_Dev-rg,LzDcCNR-Dev-vnet,LzDc-PBMM Development,Dev-Pres,LzDcCNR-Dev-rt,LzDcCNR-Dev-Pres-nsg,#,Operations Zone,Dev,OZ,,,,,,,,,,,,,,,
LzPcCNR-Core-External-snet,172.16.0.0/24,LzPc-Network_Core-rg,LzPcCNR-Core-vnet,LzPc-PBMM Core,Core-External,none,none,#,External Facing (Internet/Ground),Core,External,,,,,,,,,,,,,,,
LzPcCNR-Core-HA-snet,172.16.31.128/24,LzPc-Network_Core-rg,LzPcCNR-Core-vnet,LzPc-PBMM Core,Core-HA,none,none,#,High Availability (FW<=>FW heartbeat),Core,HA,LzPcCNR-Core-HA-nsg,,,,,,,,,,,,,,
LzPcCNR-Core-Int_Dev-snet,172.16.3.0/24,LzPc-Network_Core-rg,LzPcCNR-Core-vnet,LzPc-PBMM Core,Core-Int_Dev,none,none,#,Internal Facing Dev (Connect DEV VNET),Core,Internal_Dev,,,,,,,,,,,,,,,
LzPcCNR-Core-Int_Prod-snet,172.16.2.0/24,LzPc-Network_Core-rg,LzPcCNR-Core-vnet,LzPc-PBMM Core,Core-Int_Prod,none,none,#,Internal Facing Prod  (Connect PROD VNET),Core,Internal_Prod,,,,,,,,,,,,,,,
LzPcCNR-Core-InterVDOM-snet,172.16.31.0/28,LzPc-Network_Core-rg,LzPcCNR-Core-vnet,LzPc-PBMM Core,Core-InterVDOM,none,none,#,InterVDOM link,Core,InterVDOM,LzPcCNR-Core-InterVDOM-nsg,,,,,,,,,,,,,,
LzPcCNR-Core-MRZ-snet,172.16.4.0/24,LzPc-Network_Core-rg,LzPcCNR-Core-vnet,LzPc-PBMM Core,Core-MRZ,none,none,#,Management (connect Mgmt VNET),Core,MRZ,,,,,,,,,,,,,,,
LzPcCNR-Core-MGMT-snet,172.16.5.0/24,LzPc-Network_Core-rg,LzPcCNR-Core-vnet,LzPc-PBMM Core,Core-MGMT,none,none,#,Out of band Management ,Core,OOB,,,,,,,,,,,,,,,
LzPcCNR-Core-Transit-snet,172.16.1.0/24,LzPc-Network_Core-rg,LzPcCNR-Core-vnet,LzPc-PBMM Core,Core-Transit,LzPcCNR-Core-Transit-rt,none,#,Transit Network (PAZ),Core,Transit,,,,,,,,,,,,,,,
LzPcCNR-MRZ-INF-snet,172.16.33.0/24,LzPc-Network_Core-rg,LzPcCNR-MRZ-vnet,LzPc-PBMM Core,MRZ-INF,LzPcCNR-MRZ-rt,LzPcCNR-MRZ-INF-nsg,#,Security Services (Access Zone),MRZ,InfraMgmt,,,,,,,,,,,,,,,
LzPcCNR-MRZ-LOG-snet,172.16.35.0/24,LzPc-Network_Core-rg,LzPcCNR-MRZ-vnet,LzPc-PBMM Core,MRZ-LOG,LzPcCNR-MRZ-rt,LzPcCNR-MRZ-LOG-nsg,#,Security Services (Access Zone),MRZ,Logging,,,,,,,,,,,,,,,
LzPcCNR-MRZ-MAZ-snet,172.16.32.0/24,LzPc-Network_Core-rg,LzPcCNR-MRZ-vnet,LzPc-PBMM Core,MRZ-MAZ,LzPcCNR-MRZ-rt,LzPcCNR-MRZ-MAZ-nsg,#,Security Services (Access Zone),MRZ,MAZ,,,,,,,,,,,,,,,
LzPcCNR-MRZ-SEC-snet,172.16.34.0/24,LzPc-Network_Core-rg,LzPcCNR-MRZ-vnet,LzPc-PBMM Core,MRZ-SEC,LzPcCNR-MRZ-rt,LzPcCNR-MRZ-SEC-nsg,#,Security Services (Access Zone),MRZ,Security,,,,,,,,,,,,,,,
LzPcCNR-MRZ-MGMT-snet,172.16.36.0/24,LzPc-Network_Core-rg,LzPcCNR-MRZ-vnet,LzPc-PBMM Core,MRZ-MGMT,none,none,#,Security Services (Out of band),MRZ,OOB,,,,,,,,,,,,,,,
LzPcCNR-Prod_PAZ-App-snet,172.16.225.0/24,LzPc-Network_Prod-rg,LzPcCNR-Prod_PAZ-vnet,LzPc-PBMM Production,Prod_PAZ-App,LzPcCNR-Prod_PAZ-rt,LzPcCNR-Prod_PAZ-App-nsg,#,Public Access Zone Web Apps,Prod_PAZ,App,,,,,,,,,,,,,,,
LzPcCNR-Prod_PAZ-FE-snet,172.16.224.0/24,LzPc-Network_Prod-rg,LzPcCNR-Prod_PAZ-vnet,LzPc-PBMM Production,Prod_PAZ-FE,LzPcCNR-Prod_PAZ-rt,LzPcCNR-Prod_PAZ-FE-nsg,#,Public Access Zone  Foundational Elements,Prod_PAZ,FE_Pub,,,,,,,,,,,,,,,
LzPcCNR-Prod-App-snet,172.16.66.0/24,LzPc-Network_Prod-rg,LzPcCNR-Prod-vnet,LzPc-PBMM Production,Prod-App,LzPcCNR-Prod-rt,LzPcCNR-Prod-App-nsg,#,Application zone,Prod,App,,,,,,,,,,,,,,,
LzPcCNR-Prod-Data-snet,172.16.67.0/24,LzPc-Network_Prod-rg,LzPcCNR-Prod-vnet,LzPc-PBMM Production,Prod-Data,LzPcCNR-Prod-rt,LzPcCNR-Prod-Data-nsg,#,Data Zone,Prod,Data,,,,,,,,,,,,,,,
LzPcCNR-Prod-FE-snet,172.16.64.0/24,LzPc-Network_Prod-rg,LzPcCNR-Prod-vnet,LzPc-PBMM Production,Prod-FE,LzPcCNR-Prod-rt,LzPcCNR-Prod-FE-nsg,#,Internal Foundational Elements,Prod,FE_Priv,,,,,,,,,,,,,,,
LzPcCNR-Prod-Pres-snet,172.16.65.0/24,LzPc-Network_Prod-rg,LzPcCNR-Prod-vnet,LzPc-PBMM Production,Prod-Pres,LzPcCNR-Prod-rt,LzPcCNR-Prod-Pres-nsg,#,Operation Zone,Prod,OZ,,,,,,,,,,,,,,,
# route table subnet associations,,,,,,,,,,,,,,,,,,,,,,,,,,
# rt name,rt short name,associated subnet,snet short name,subnet association?,subscription,rg name,,,,,,,,,,,,,,,,,,,,
LzDcCNR-Dev_PAZ-rt,Dev_PAZ,LzDcCNR-Dev_PAZ-App-snet,Dev_PAZ-App,yes,LzDc-PBMM Development,LzDc-Network_Dev-rg,,,,,,,,,,,,,,,,,,,,
LzDcCNR-Dev_PAZ-rt,Dev_PAZ,LzDcCNR-Dev_PAZ-FE-snet,Dev_PAZ-FE,yes,LzDc-PBMM Development,LzDc-Network_Dev-rg,,,,,,,,,,,,,,,,,,,,
LzDcCNR-Dev-rt,Dev,LzDcCNR-Dev-App-snet,Dev-App,yes,LzDc-PBMM Development,LzDc-Network_Dev-rg,,,,,,,,,,,,,,,,,,,,
LzDcCNR-Dev-rt,Dev,LzDcCNR-Dev-Data-snet,Dev-Data,yes,LzDc-PBMM Development,LzDc-Network_Dev-rg,,,,,,,,,,,,,,,,,,,,
LzDcCNR-Dev-rt,Dev,LzDcCNR-Dev-FE-snet,Dev-FE,yes,LzDc-PBMM Development,LzDc-Network_Dev-rg,,,,,,,,,,,,,,,,,,,,
LzDcCNR-Dev-rt,Dev,LzDcCNR-Dev-Pres-snet,Dev-Pres,yes,LzDc-PBMM Development,LzDc-Network_Dev-rg,,,,,,,,,,,,,,,,,,,,
LzPcCNR-Core-Transit-rt,Core-Transit,LzPcCNR-Core-Transit-snet,Core-Transit,yes,LzPc-PBMM Core,LzPc-Network_Core-rg,,,,,,,,,,,,,,,,,,,,
LzPcCNR-MRZ-rt,MRZ,LzPcCNR-MRZ-INF-snet,MRZ-INF,yes,LzPc-PBMM Core,LzPc-Network_Core-rg,,,,,,,,,,,,,,,,,,,,
LzPcCNR-MRZ-rt,MRZ,LzPcCNR-MRZ-LOG-snet,MRZ-LOG,yes,LzPc-PBMM Core,LzPc-Network_Core-rg,,,,,,,,,,,,,,,,,,,,
LzPcCNR-MRZ-rt,MRZ,LzPcCNR-MRZ-MAZ-snet,MRZ-MAZ,yes,LzPc-PBMM Core,LzPc-Network_Core-rg,,,,,,,,,,,,,,,,,,,,
LzPcCNR-MRZ-rt,MRZ,LzPcCNR-MRZ-SEC-snet,MRZ-SEC,yes,LzPc-PBMM Core,LzPc-Network_Core-rg,,,,,,,,,,,,,,,,,,,,
LzPcCNR-Prod_PAZ-rt,Prod_PAZ,LzPcCNR-Prod_PAZ-App-snet,Prod_PAZ-App,yes,LzPc-PBMM Production,LzPc-Network_Prod-rg,,,,,,,,,,,,,,,,,,,,
LzPcCNR-Prod_PAZ-rt,Prod_PAZ,LzPcCNR-Prod_PAZ-FE-snet,Prod_PAZ-FE,yes,LzPc-PBMM Production,LzPc-Network_Prod-rg,,,,,,,,,,,,,,,,,,,,
LzPcCNR-Prod-rt,Prod,LzPcCNR-Prod-App-snet,Prod-App,yes,LzPc-PBMM Production,LzPc-Network_Prod-rg,,,,,,,,,,,,,,,,,,,,
LzPcCNR-Prod-rt,Prod,LzPcCNR-Prod-Data-snet,Prod-Data,yes,LzPc-PBMM Production,LzPc-Network_Prod-rg,,,,,,,,,,,,,,,,,,,,
LzPcCNR-Prod-rt,Prod,LzPcCNR-Prod-FE-snet,Prod-FE,yes,LzPc-PBMM Production,LzPc-Network_Prod-rg,,,,,,,,,,,,,,,,,,,,
LzPcCNR-Prod-rt,Prod,LzPcCNR-Prod-Pres-snet,Prod-Pres,yes,LzPc-PBMM Production,LzPc-Network_Prod-rg,,,,,,,,,,,,,,,,,,,,
#,LzPcCNR-MRZ-rt,MRZ,LzPcCNR-MRZ-SEC-snet,MRZ-SEC,yes,LzPc-PBMM Core,LzPc-Network_Core-rg,,,,,,,,,,,,,,,,,,,
# user defined routes - https://www.terraform.io/docs/providers/azurerm/r/route.html,,,,,,,,,,,,,,,,,,,,,,,,,,
# rt name,# rg name,location,# route name,address prefix,Next hop IP address,Next hop Type,Disable BGP ,rt short name,additional route in group on next row? Used to define multiple rules in route table elements,#,vnet short name,snet short name,associated vnet,associated subnet,subscription,#,# rt short name,,,,,,,,,
LzDcCNR-Dev_PAZ-rt,LzDc-Network_Dev-rg,Canada Central,LzDcCNR-Dev_PAZ-rt-toCoreF5_Transit_Internet-route,0.0.0.0/0,172.16.1.10,VirtualAppliance,False,Dev_PAZ,yes,#,Dev_PAZ,Dev_PAZ-FE,LzDcCNR-Dev_PAZ-vnet,LzDcCNR-Dev_PAZ-FE-snet,LzDc-PBMM Development,#,toCoreF5_Transit_Internet-route,,,,,,,,,
LzDcCNR-Dev_PAZ-rt,LzDc-Network_Dev-rg,Canada Central,LzDcCNR-Dev_PAZ-rt-toCoreFW_Transit_Dev-route,172.17.64.0/19,172.16.1.30,VirtualAppliance,False,Dev_PAZ,yes,#,Dev_PAZ,Dev_PAZ-FE,LzDcCNR-Dev_PAZ-vnet,LzDcCNR-Dev_PAZ-FE-snet,LzDc-PBMM Development,#,toCoreFW_Transit_Dev-route,,,,,,,,,
LzDcCNR-Dev_PAZ-rt,LzDc-Network_Dev-rg,Canada Central,LzDcCNR-Dev_PAZ-rt-toCoreFW_Transit_Prod_PAZ-route,172.16.224.0/20,172.16.1.30,VirtualAppliance,False,Dev_PAZ,no,#,Dev_PAZ,Dev_PAZ-FE,LzDcCNR-Dev_PAZ-vnet,LzDcCNR-Dev_PAZ-FE-snet,LzDc-PBMM Development,#,toCoreFW_Transit_Prod_PAZ-route,,,,,,,,,
LzDcCNR-Dev-rt,LzDc-Network_Dev-rg,Canada Central,LzDcCNR-Dev-rt-toCoreFW_Internal_Dev_Core-route,172.16.0.0/20,172.16.3.10,VirtualAppliance,False,Dev,yes,#,Dev,Dev-FE,LzDcCNR-Dev-vnet,LzDcCNR-Dev-FE-snet,LzDc-PBMM Development,#,toCoreFW_Internal_Dev_Core-route,,,,,,,,,
LzDcCNR-Dev-rt,LzDc-Network_Dev-rg,Canada Central,LzDcCNR-Dev-rt-toCoreFW_Internal_Dev_Internet-route,0.0.0.0/0,172.16.3.10,VirtualAppliance,False,Dev,no,#,Dev,Dev-FE,LzDcCNR-Dev-vnet,LzDcCNR-Dev-FE-snet,LzDc-PBMM Development,#,toCoreFW_Internal_Dev_Internet-route,,,,,,,,,
LzPcCNR-Core-Transit-rt,LzPc-Network_Core-rg,Canada Central,LzPcCNR-Core-Transit-rt-toCoreF5_Transit_Internet-route,0.0.0.0/0,172.16.1.10,VirtualAppliance,False,Core-Transit,yes,#,Core,Core-Transit,LzPcCNR-Core-vnet,LzPcCNR-Core-Transit-snet,LzPc-PBMM Core,#,toCoreF5_Transit_Internet-route,,,,,,,,,
LzPcCNR-Core-Transit-rt,LzPc-Network_Core-rg,Canada Central,LzPcCNR-Core-Transit-rt-toCoreFW_Transit_Prod-route,172.16.64.0/19,172.16.1.20,VirtualAppliance,False,Core-Transit,yes,#,Core,Core-Transit,LzPcCNR-Core-vnet,LzPcCNR-Core-Transit-snet,LzPc-PBMM Core,#,toCoreFW_Transit_Prod-route,,,,,,,,,
LzPcCNR-Core-Transit-rt,LzPc-Network_Core-rg,Canada Central,LzPcCNR-Core-Transit-rt-toCoreFW_Transit_Dev-route,172.17.64.0/19,172.16.1.30,VirtualAppliance,False,Core-Transit,no,#,Core,Core-Transit,LzPcCNR-Core-vnet,LzPcCNR-Core-Transit-snet,LzPc-PBMM Core,#,toCoreFW_Transit_Dev-route,,,,,,,,,
LzPcCNR-MRZ-rt,LzPc-Network_Core-rg,Canada Central,LzPcCNR-MRZ-rt-toCoreFW_MRZ_Core-route,172.16.0.0/20,172.16.4.10,VirtualAppliance,False,MRZ,yes,#,MRZ,MRZ-MAZ,LzPcCNR-MRZ-vnet,LzPcCNR-MRZ-MAZ-snet,LzPc-PBMM Core,#,toCoreFW_MRZ_Core-route,,,,,,,,,
LzPcCNR-MRZ-rt,LzPc-Network_Core-rg,Canada Central,LzPcCNR-MRZ-rt-toCoreFW_MRZ_Internet-route,0.0.0.0/0,172.16.4.10,VirtualAppliance,False,MRZ,no,#,MRZ,MRZ-MAZ,LzPcCNR-MRZ-vnet,LzPcCNR-MRZ-MAZ-snet,LzPc-PBMM Core,#,toCoreFW_MRZ_Internet-route,,,,,,,,,
LzPcCNR-Prod_PAZ-rt,LzPc-Network_Prod-rg,Canada Central,LzPcCNR-Prod_PAZ-rt-toCoreF5_Transit_Internet-route,0.0.0.0/0,172.16.1.10,VirtualAppliance,False,Prod_PAZ,yes,#,Prod_PAZ,Prod_PAZ-FE,LzPcCNR-Prod_PAZ-vnet,LzPcCNR-Prod_PAZ-FE-snet,LzPc-PBMM Production,#,toCoreF5_Transit_Internet-route,,,,,,,,,
LzPcCNR-Prod_PAZ-rt,LzPc-Network_Prod-rg,Canada Central,LzPcCNR-Prod_PAZ-rt-toCoreFW_Transit_Prod-route,172.16.64.0/19,172.16.1.20,VirtualAppliance,False,Prod_PAZ,yes,#,Prod_PAZ,Prod_PAZ-FE,LzPcCNR-Prod_PAZ-vnet,LzPcCNR-Prod_PAZ-FE-snet,LzPc-PBMM Production,#,toCoreFW_Transit_Prod-route,,,,,,,,,
LzPcCNR-Prod_PAZ-rt,LzPc-Network_Prod-rg,Canada Central,LzPcCNR-Prod_PAZ-rt-toCoreFW_Transit_Dev_PAZ-route,172.17.224.0/20,172.16.1.20,VirtualAppliance,False,Prod_PAZ,no,#,Prod_PAZ,Prod_PAZ-FE,LzPcCNR-Prod_PAZ-vnet,LzPcCNR-Prod_PAZ-FE-snet,LzPc-PBMM Production,#,toCoreFW_Transit_Dev_PAZ-route,,,,,,,,,
LzPcCNR-Prod-rt,LzPc-Network_Prod-rg,Canada Central,LzPcCNR-Prod-rt-toCoreFW_Internal_Core-route,172.16.0.0/20,172.16.2.10,VirtualAppliance,False,Prod,yes,#,Prod,Prod-FE,LzPcCNR-Prod-vnet,LzPcCNR-Prod-FE-snet,LzPc-PBMM Production,#,toCoreFW_Internal_Core-route,,,,,,,,,
LzPcCNR-Prod-rt,LzPc-Network_Prod-rg,Canada Central,LzPcCNR-Prod-rt-toCoreFW_Internal_Internet-route,0.0.0.0/0,172.16.2.10,VirtualAppliance,False,Prod,no,#,Prod,Prod-FE,LzPcCNR-Prod-vnet,LzPcCNR-Prod-FE-snet,LzPc-PBMM Production,#,toCoreFW_Internal_Internet-route,,,,,,,,,
# vnet peering; must end in gwp to be detected,source rg,subscription,source vnet name,destination vnet name,Allow Virtual Network Access (Forward path),Allow Virtual Network Access (Reverse path),Allow Forwarded Traffic,Allow Gateway Transit,Use Remote Gateway,#,source vnet,destination vnet,iac?,formula,,,,,,,,,,,,
LzDcCNR-Dev-vnet-LzPcCNR-Core-vnet-gwp,LzDc-Network_Dev-rg,LzDc-PBMM Development,LzDcCNR-Dev-vnet,LzPcCNR-Core-vnet,TRUE,TRUE,TRUE,FALSE,FALSE,#,Dev,Core,TRUE,"=CONCATENATE(D108,""-"",E108,""-gwp"")",,,,,,,,,,,,
LzDcCNR-Dev_PAZ-vnet-LzPcCNR-Core-vnet-gwp,LzDc-Network_Dev-rg,LzDc-PBMM Development,LzDcCNR-Dev_PAZ-vnet,LzPcCNR-Core-vnet,TRUE,TRUE,TRUE,FALSE,FALSE,#,Dev_PAZ,Core,TRUE,"=CONCATENATE(D109,""-"",E109,""-gwp"")",,,,,,,,,,,,
LzPcCNR-MRZ-vnet-LzPcCNR-Core-vnet-gwp,LzPc-Network_Core-rg,LzPc-PBMM Core,LzPcCNR-MRZ-vnet,LzPcCNR-Core-vnet,TRUE,TRUE,TRUE,FALSE,FALSE,#,MRZ,Core,TRUE,"=CONCATENATE(D110,""-"",E110,""-gwp"")",,,,,,,,,,,,
LzPcCNR-Prod-vnet-LzPcCNR-Core-vnet-gwp,LzPc-Network_Prod-rg,LzPc-PBMM Production,LzPcCNR-Prod-vnet,LzPcCNR-Core-vnet,TRUE,TRUE,TRUE,FALSE,FALSE,#,Prod,Core,TRUE,"=CONCATENATE(D111,""-"",E111,""-gwp"")",,,,,,,,,,,,
LzPcCNR-Prod_PAZ-vnet-LzPcCNR-Core-vnet-gwp,LzPc-Network_Prod-rg,LzPc-PBMM Production,LzPcCNR-Prod_PAZ-vnet,LzPcCNR-Core-vnet,TRUE,TRUE,TRUE,FALSE,FALSE,#,Prod_PAZ,Core,TRUE,"=CONCATENATE(D112,""-"",E112,""-gwp"")",,,,,,,,,,,,
LzPcCNR-Core-vnet-LzDcCNR-Dev-vnet-gwp,LzPc-Network_Core-rg,LzPc-PBMM Core,LzPcCNR-Core-vnet,LzDcCNR-Dev-vnet,TRUE,TRUE,TRUE,FALSE,FALSE,#,Core,Dev,TRUE,"=CONCATENATE(D113,""-"",E113,""-gwp"")",,,,,,,,,,,,
LzPcCNR-Core-vnet-LzDcCNR-Dev_PAZ-vnet-gwp,LzPc-Network_Core-rg,LzPc-PBMM Core,LzPcCNR-Core-vnet,LzDcCNR-Dev_PAZ-vnet,TRUE,TRUE,TRUE,FALSE,FALSE,#,Core,Dev_PAZ,TRUE,"=CONCATENATE(D114,""-"",E114,""-gwp"")",,,,,,,,,,,,
LzPcCNR-Core-vnet-LzPcCNR-MRZ-vnet-gwp,LzPc-Network_Core-rg,LzPc-PBMM Core,LzPcCNR-Core-vnet,LzPcCNR-MRZ-vnet,TRUE,TRUE,TRUE,FALSE,FALSE,#,Core,MRZ,TRUE,"=CONCATENATE(D115,""-"",E115,""-gwp"")",,,,,,,,,,,,
LzPcCNR-Core-vnet-LzPcCNR-Prod-vnet-gwp,LzPc-Network_Core-rg,LzPc-PBMM Core,LzPcCNR-Core-vnet,LzPcCNR-Prod-vnet,TRUE,TRUE,TRUE,FALSE,FALSE,#,Core,Prod,TRUE,"=CONCATENATE(D116,""-"",E116,""-gwp"")",,,,,,,,,,,,
LzPcCNR-Core-vnet-LzPcCNR-Prod_PAZ-vnet-gwp,LzPc-Network_Core-rg,LzPc-PBMM Core,LzPcCNR-Core-vnet,LzPcCNR-Prod_PAZ-vnet,TRUE,TRUE,TRUE,FALSE,FALSE,#,Core,Prod_PAZ,TRUE,"=CONCATENATE(D117,""-"",E117,""-gwp"")",,,,,,,,,,,,
# storage name; must end in store to be detected,container name,rg,subscription,,,,,,,,,,,,,,,,,,,,,,,
LzPcCSALZstore,LzPcCSALZ,LzPc-Network_Core-rg,LzPc-PBMM Core,,,,,,,,,,,,,,,,,,,,,,,
# nsgs previously assigned to nic cards - now solely assigned to specific subnet,,,,,,,,,,,,,,,,,,,,,,,,,,
# network security group; must end in nsg to be detected,snet short name,rg,subscription,security rule name,priority,direction,access,protocol,source_port_range,destination_port_range,source_address_prefix[es],destination_address_prefix,description,additional rule in group on next row? Used to define multiple rules in nsg elements,#,destination_port_range,,,,,,,,,,
LzDcCNR-Dev_PAZ-App-nsg,Dev_PAZ-App,LzDc-Network_Dev-rg,LzDc-PBMM Development,Allow_MAZ_RDPSessionHost,100,Inbound,Allow,Tcp,*,3389;22,10.101.16.10;10.101.16.11,*,Allow_MAZ_SessionHost,no,#,"3389,22",,,,,,,,,,
LzDcCNR-Dev_PAZ-FE-nsg,Dev_PAZ-FE,LzDc-Network_Dev-rg,LzDc-PBMM Development,Allow_MAZ_RDPSessionHost,100,Inbound,Allow,Tcp,*,3389;22,10.101.16.10;10.101.16.11,*,Allow_MAZ_SessionHost,no,#,"3389,22",,,,,,,,,,
LzDcCNR-Dev-App-nsg,Dev-App,LzDc-Network_Dev-rg,LzDc-PBMM Development,Allow_MAZ_RDPSessionHost,100,Inbound,Allow,Tcp,*,3389;22,10.101.16.10;10.101.16.11,*,Allow_MAZ_SessionHost,no,#,"3389,22",,,,,,,,,,
LzDcCNR-Dev-Data-nsg,Dev-Data,LzDc-Network_Dev-rg,LzDc-PBMM Development,Allow_MAZ_RDPSessionHost,100,Inbound,Allow,Tcp,*,3389;22,10.101.16.10;10.101.16.11,*,Allow_MAZ_SessionHost,no,#,"3389,22",,,,,,,,,,
LzDcCNR-Dev-FE-nsg,Dev-FE,LzDc-Network_Dev-rg,LzDc-PBMM Development,Allow_MAZ_RDPSessionHost,100,Inbound,Allow,Tcp,*,3389;22,10.101.16.10;10.101.16.11,*,Allow_MAZ_SessionHost,no,#,"3389,22",,,,,,,,,,
LzDcCNR-Dev-Pres-nsg,Dev-Pres,LzDc-Network_Dev-rg,LzDc-PBMM Development,Allow_MAZ_RDPSessionHost,100,Inbound,Allow,Tcp,*,3389;22,10.101.16.10;10.101.16.11,*,Allow_MAZ_SessionHost,no,#,"3389,22",,,,,,,,,,
LzPcCNR-Core-External-nsg,Core-External,LzPc-Network_Core-rg,LzPc-PBMM Core,Allow_MAZ_RDPSessionHost,100,Inbound,Allow,Tcp,*,3389;22,10.101.16.10;10.101.16.11,*,Allow_MAZ_SessionHost,no,#,"3389,22",,,,,,,,,,
LzPcCNR-Core-HA-nsg,Core-HA,LzPc-Network_Core-rg,LzPc-PBMM Core,Allow_MAZ_RDPSessionHost,100,Inbound,Allow,Tcp,*,3389;22,10.101.16.10;10.101.16.11,*,Allow_MAZ_SessionHost,no,#,"3389,22",,,,,,,,,,
LzPcCNR-Core-Int_Dev-nsg,Core-Int_Dev,LzPc-Network_Core-rg,LzPc-PBMM Core,Allow_MAZ_RDPSessionHost,100,Inbound,Allow,Tcp,*,3389;22,10.101.16.10;10.101.16.11,*,Allow_MAZ_SessionHost,no,#,"3389,22",,,,,,,,,,
LzPcCNR-Core-Int_Prod-nsg,Core-Int_Prod,LzPc-Network_Core-rg,LzPc-PBMM Core,Allow_MAZ_RDPSessionHost,100,Inbound,Allow,Tcp,*,3389;22,10.101.16.10;10.101.16.11,*,Allow_MAZ_SessionHost,no,#,"3389,22",,,,,,,,,,
LzPcCNR-Core-InterVDOM-nsg,Core-InterVDOM,LzPc-Network_Core-rg,LzPc-PBMM Core,Allow_MAZ_RDPSessionHost,100,Inbound,Allow,Tcp,*,3389;22,10.101.16.10;10.101.16.11,*,Allow_MAZ_SessionHost,no,#,"3389,22",,,,,,,,,,
LzPcCNR-Core-MRZ-nsg,Core-MRZ,LzPc-Network_Core-rg,LzPc-PBMM Core,Allow_MAZ_RDPSessionHost,100,Inbound,Allow,Tcp,*,3389;22,10.101.16.10;10.101.16.11,*,Allow_MAZ_SessionHost,no,#,"3389,22",,,,,,,,,,
LzPcCNR-Core-Transit-nsg,Core-Transit,LzPc-Network_Core-rg,LzPc-PBMM Core,Allow_MAZ_RDPSessionHost,100,Inbound,Allow,Tcp,*,3389;22,10.101.16.10;10.101.16.11,*,Allow_MAZ_SessionHost,no,#,"3389,22",,,,,,,,,,
LzPcCNR-MRZ-INF-nsg,MRZ-INF,LzPc-Network_Core-rg,LzPc-PBMM Core,Allow_MAZ_RDPSessionHost,100,Inbound,Allow,Tcp,*,3389;22,10.101.16.10;10.101.16.11,*,Allow_MAZ_SessionHost,no,#,"3389,22",,,,,,,,,,
LzPcCNR-MRZ-LOG-nsg,MRZ-LOG,LzPc-Network_Core-rg,LzPc-PBMM Core,Allow_MAZ_RDPSessionHost,100,Inbound,Allow,Tcp,*,3389;22,10.101.16.10;10.101.16.11,*,Allow_MAZ_SessionHost,no,#,"3389,22",,,,,,,,,,
LzPcCNR-MRZ-MAZ-nsg,MRZ-MAZ,LzPc-Network_Core-rg,LzPc-PBMM Core,Allow_MAZ_RDPSessionHost,100,Inbound,Allow,Tcp,*,3389;22,10.101.16.10;10.101.16.11,*,Allow_MAZ_SessionHost,no,#,"3389,22",,,,,,,,,,
LzPcCNR-MRZ-SEC-nsg,MRZ-SEC,LzPc-Network_Core-rg,LzPc-PBMM Core,Allow_MAZ_RDPSessionHost,100,Inbound,Allow,Tcp,*,3389;22,10.101.16.10;10.101.16.11,*,Allow_MAZ_SessionHost,no,#,"3389,22",,,,,,,,,,
LzPcCNR-Prod_PAZ-App-nsg,Prod_PAZ-App,LzPc-Network_Prod-rg,LzPc-PBMM Production,Allow_MAZ_RDPSessionHost,100,Inbound,Allow,Tcp,*,3389;22,10.101.16.10;10.101.16.11,*,Allow_MAZ_SessionHost,no,#,"3389,22",,,,,,,,,,
LzPcCNR-Prod_PAZ-FE-nsg,Prod_PAZ-FE,LzPc-Network_Prod-rg,LzPc-PBMM Production,Allow_MAZ_RDPSessionHost,100,Inbound,Allow,Tcp,*,3389;22,10.101.16.10;10.101.16.11,*,Allow_MAZ_SessionHost,no,#,"3389,22",,,,,,,,,,
LzPcCNR-Prod-App-nsg,Prod-App,LzPc-Network_Prod-rg,LzPc-PBMM Production,Allow_MAZ_RDPSessionHost,100,Inbound,Allow,Tcp,*,3389;22,10.101.16.10;10.101.16.11,*,Allow_MAZ_SessionHost,no,#,"3389,22",,,,,,,,,,
LzPcCNR-Prod-Data-nsg,Prod-Data,LzPc-Network_Prod-rg,LzPc-PBMM Production,Allow_MAZ_RDPSessionHost,100,Inbound,Allow,Tcp,*,3389;22,10.101.16.10;10.101.16.11,*,Allow_MAZ_SessionHost,no,#,"3389,22",,,,,,,,,,
LzPcCNR-Prod-FE-nsg,Prod-FE,LzPc-Network_Prod-rg,LzPc-PBMM Production,Allow_MAZ_RDPSessionHost,100,Inbound,Allow,Tcp,*,3389;22,10.101.16.10;10.101.16.11,*,Allow_MAZ_SessionHost,no,#,"3389,22",,,,,,,,,,
LzPcCNR-Prod-Pres-nsg,Prod-Pres,LzPc-Network_Prod-rg,LzPc-PBMM Production,Allow_MAZ_RDPSessionHost,100,Inbound,Allow,Tcp,*,3389;22,10.101.16.10;10.101.16.11,*,Allow_MAZ_SessionHost,no,#,"3389,22",,,,,,,,,,
#,LzPcCNR-ADDS-nsg,ADDS,LzPc-Network_Core-rg,LzPc-PBMM Core,AllowAllInbound,100,Inbound,Allow,*,*,*,*,*,Allow all in,yes,,,,,,,,,,,
#,LzPcCNR-ADDS-nsg,ADDS,LzPc-Network_Core-rg,LzPc-PBMM Core,AllowAllOutbound,105,Outbound,Allow,*,*,*,*,*,Allow all out,no,,,,,,,,,,,
#,LzPcCNR-FGVM-nsg,FGVM,LzPc-Network_Core-rg,LzPc-PBMM Core,AllowAllInbound,100,Inbound,Allow,*,*,*,*,*,Allow all in,yes,,,,,,,,,,,
#,LzPcCNR-FGVM-nsg,FGVM,LzPc-Network_Core-rg,LzPc-PBMM Core,AllowAllOutbound,105,Outbound,Allow,*,*,*,*,*,Allow all out,no,,,,,,,,,,,
#,LzPcCNR-F5VM-nsg,F5VM,LzPc-Network_Core-rg,LzPc-PBMM Core,allow_SSH,100,Inbound,Allow,Tcp,*,22,*,*,Allow SSH access,yes,,,,,,,,,,,
#,LzPcCNR-F5VM-nsg,F5VM,LzPc-Network_Core-rg,LzPc-PBMM Core,allow_HTTP,110,Inbound,Allow,Tcp,*,80,*,*,Allow HTTP access,yes,,,,,,,,,,,
#,LzPcCNR-F5VM-nsg,F5VM,LzPc-Network_Core-rg,LzPc-PBMM Core,allow_HTTPS,120,Inbound,Allow,Tcp,*,443,*,*,Allow HTTPS access,yes,,,,,,,,,,,
#,LzPcCNR-F5VM-nsg,F5VM,LzPc-Network_Core-rg,LzPc-PBMM Core,allow_RDP,130,Inbound,Allow,Tcp,*,3389,*,*,Allow RDP access,yes,,,,,,,,,,,
#,LzPcCNR-F5VM-nsg,F5VM,LzPc-Network_Core-rg,LzPc-PBMM Core,allow_APP_HTTPS,140,Inbound,Allow,Tcp,*,8443,*,*,Allow HTTPS access,no,,,,,,,,,,,
#end-nsg - line required to end nsg declarations especially for groups of rules - used by conversion script,,,,,,,,,,,,,,,,,,,,,,,,,,
# virtual machine images; active directory windows vm template derived from Bernard Maltais via https://github.com/canada-ca-terraform-modules/terraform-azurerm-active-directory; f5 and fortinet templates are from the respective vendors,,,,,,,,,,,,,,,,,,,,,,,,,,
# caution - vm is automatically started upon creation; please shut down manually - future feature will install auto shutdown schedule on creation,,,,,,,,,,,,,,,,,,,,,,,,,,
# VMs 15 char netbios limit; must end in vm to be detected,name of vm,rg,subscription,vnet,subnet,network_interface_ids,vm_size,computer_name,admin_username,admin_password,type of vm - dictates configuration details,OS disk name,availability_set_id,data disk name,primary_network_interface_id,config file,public ip,subscription id,#,vnet short name,snet short name,,,,,
LzPcSWA-ADDS01,ADDS01,LzPc-System_Core-rg,LzPc-PBMM Core,LzPcCNR-MRZ-vnet,LzPcCNR-MRZ-INF-snet,LzPcSWA-ADDS01-nic1,Standard_D2s_v3,LzPcSWAADDS01,adadmin,Canada1!,windows,LzPcSWA-ADDS01-OSdisk1,LzPcDSWA-ADDS-as,LzPcSWA-ADDS01-Datadisk1,LzPcSWA-ADDS01-nic1,none,none,none,#,MRZ,MRZ-INF,,,,,
LzPcSWA-ADDS02,ADDS02,LzPc-System_Core-rg,LzPc-PBMM Core,LzPcCNR-MRZ-vnet,LzPcCNR-MRZ-INF-snet,LzPcSWA-ADDS02-nic1,Standard_D2s_v3,LzPcSWAADDS02,adadmin,Canada1!,windows,LzPcSWA-ADDS02-OSdisk1,LzPcDSWA-ADDS-as,LzPcSWA-ADDS02-Datadisk1,LzPcSWA-ADDS02-nic1,none,none,none,#,MRZ,MRZ-INF,,,,,
LzPcSWJ-RDSH01,RDSH01,LzPc-System_Core-rg,LzPc-PBMM Core,LzPcCNR-MRZ-vnet,LzPcCNR-MRZ-MAZ -snet,LzPcSWJ-RDSH01-nic1,Standard_D2s_v3,LzPcSWARDSH01,rdsadmin,Canada1!,windows,LzPcSWJ-RDSH01-OSdisk1,LzPcDSWJ-RDSH-as,LzPcSWJ-RDSH01-Datadisk1,LzPcSWJ-RDSH01-nic1,none,none,none,#,MRZ,MRZ-MAZ ,,,,,
LzPcSWJ-RDSH02,RDSH02,LzPc-System_Core-rg,LzPc-PBMM Core,LzPcCNR-MRZ-vnet,LzPcCNR-MRZ-MAZ -snet,LzPcSWJ-RDSH02-nic1,Standard_D2s_v3,LzPcSWARDSH02,rdsadmin,Canada1!,windows,LzPcSWJ-RDSH02-OSdisk1,LzPcDSWJ-RDSH-as,LzPcSWJ-RDSH02-Datadisk1,LzPcSWJ-RDSH02-nic1,none,none,none,#,MRZ,MRZ-MAZ ,,,,,
LzPcFWL-FGVM01,FGVM01,LzPc-Security_Core-rg,LzPc-PBMM Core,LzPcCNR-Core-vnet,LzPcCNR-Core-MRZ -snet,LzPcFWL-FGVM01-nic1;LzPcFWL-FGVM01-nic2;LzPcFWL-FGVM01-nic3;LzPcFWL-FGVM01-nic4;LzPcFWL-FGVM01-nic5;LzPcFWL-FGVM01-nic6;LzPcFWL-FGVM01-nic7,standard_f8s,LzPcFWL-FGVM01,fgadmin,Canada1!,fortinet,LzPcFWL-FGVM01-OSdisk1,LzPcDFWL-FGVM-as,LzPcFWL-FGVM01-Datadisk1,LzPcFWL-FGVM01-nic1,fg1_custom_data,none,none,#,Core,Core-MRZ ,,,,,
LzPcFWL-FGVM02,FGVM02,LzPc-Security_Core-rg,LzPc-PBMM Core,LzPcCNR-Core-vnet,LzPcCNR-Core-MRZ -snet,LzPcFWL-FGVM02-nic1;LzPcFWL-FGVM02-nic2;LzPcFWL-FGVM02-nic3;LzPcFWL-FGVM02-nic4;LzPcFWL-FGVM02-nic5;LzPcFWL-FGVM02-nic6;LzPcFWL-FGVM02-nic7,standard_f8s,LzPcFWL-FGVM02,fgadmin,Canada1!,fortinet,LzPcFWL-FGVM02-OSdisk1,LzPcDFWL-FGVM-as,LzPcFWL-FGVM02-Datadisk1,LzPcFWL-FGVM02-nic1,fg2_custom_data,none,none,#,Core,Core-MRZ ,,,,,
LzPcADC-F5VM01,F5VM01,LzPc-Security_Core_External-rg,LzPc-PBMM Core,LzPcCNR-Core-vnet,LzPcCNR-Core-MRZ -snet,LzPcADC-F5VM01-nic1;LzPcADC-F5VM01-nic2;LzPcADC-F5VM01-nic3,standard_f8s,LzPcSWAF5VM01,f5admin,Canada1!,f5,LzPcADC-F5VM01-OSdisk1,LzPcDADC-F5-as,LzPcADC-F5VM01-Datadisk1,LzPcADC-F5VM01-nic1,none,LzPcADS-AZLB-pip1,13a2b9b4d8db6b2c243426d5f4807d65,#,Core,Core-MRZ ,,,,,
LzPcADC-F5VM02,F5VM02,LzPc-Security_Core_External-rg,LzPc-PBMM Core,LzPcCNR-Core-vnet,LzPcCNR-Core-MRZ -snet,LzPcADC-F5VM02-nic1;LzPcADC-F5VM02-nic2;LzPcADC-F5VM02-nic3,standard_f8s,LzPcSWAF5VM02,f5admin,Canada1!,f5,LzPcADC-F5VM02-OSdisk1,LzPcDADC-F5-as,LzPcADC-F5VM02-Datadisk1,LzPcADC-F5VM02-nic1,none,LzPcADS-AZLB-pip1,13a2b9b4d8db6b2c243426d5f4807d65,#,Core,Core-MRZ ,,,,,
# NIC network interface card; must end in nic to be detected,name of core vm,rg,subscription,network_security_group_id; # removed by policy - to be set by security devices,ip config name,subnet_id,private_ip_address,private_ip_address_allocation,public_ip_address_id,enable_ip_forwarding,enable_accelerated_networking,dns_servers,primary,backend_pool,secondary - subnet_id,secondary - private_ip_address_allocation,secondary - private_ip_address,vip full name,vip short name,vip ip address,#,notes,snet short name,deactivated nsgs,deactivated public ip addresses,2nd snet short name
LzPcSWA-ADDS01-nic1,LzPcSWA-ADDS01,LzPc-System_Core-rg,LzPc-PBMM Core,none,LzPcSWA-ADDS01-nic1-config,LzPcCNR-MRZ-INF-snet,172.16.33.10,static,none,FALSE,FALSE,none,TRUE,none,none,none,none,none,none,none,#,csd.local (FSMO roles),MRZ-INF,LzPcCNR-ADDS-nsg,LzPcSWA-ADDS01-pip1,
LzPcSWA-ADDS02-nic1,LzPcSWA-ADDS02,LzPc-System_Core-rg,LzPc-PBMM Core,none,LzPcSWA-ADDS02-nic1-config,LzPcCNR-MRZ-INF-snet,172.16.33.11,static,none,FALSE,FALSE,none,TRUE,none,none,none,none,none,none,none,#,csd.local (backup),MRZ-INF,LzPcCNR-ADDS-nsg,LzPcSWA-ADDS02-pip1,
LzPcSWJ-RDSH01-nic1,LzPcSWJ-RDSH01,LzPc-System_Core-rg,LzPc-PBMM Core,none,LzPcSWJ-RDSH01-nic1-config,LzPcCNR-MRZ-MAZ-snet,172.16.32.10,static,none,FALSE,FALSE,none,TRUE,none,none,none,none,none,none,none,#,RDS Session host / Deployment host,MRZ-MAZ,LzPcCNR-ADDS-nsg,none,
LzPcSWJ-RDSH02-nic1,LzPcSWJ-RDSH02,LzPc-System_Core-rg,LzPc-PBMM Core,none,LzPcSWJ-RDSH02-nic1-config,LzPcCNR-MRZ-MAZ-snet,172.16.32.11,static,none,FALSE,FALSE,none,TRUE,none,none,none,none,none,none,none,#,RDS Session host / Deployment host,MRZ-MAZ,LzPcCNR-ADDS-nsg,none,
LzPcADC-F5VM01-nic1,LzPcADC-F5VM01,LzPc-Security_Core_External-rg,LzPc-PBMM Core,none,LzPcADC-F5VM01-nic1-config,LzPcCNR-Core-MGMT-snet,172.16.5.11,static,none,FALSE,FALSE,none,TRUE,none,none,none,none,none,none,none,#,Mgmt,Core-MGMT,LzPcCNR-F5VM-nsg,LzPcADC-F5VM01-pip1,
LzPcADC-F5VM01-nic2,LzPcADC-F5VM01,LzPc-Security_Core_External-rg,LzPc-PBMM Core,none,LzPcADC-F5VM01-nic2-config,LzPcCNR-Core-External-snet,172.16.0.11,static,LzPcADC-F5VM01-pip1,TRUE,FALSE,none,TRUE,none,none,none,none,LzPcADC-F5VM01-nic2-config2,nic2-config2,172.16.0.13,#,External,Core-External,LzPcCNR-F5VM-nsg,none,
LzPcADC-F5VM01-nic3,LzPcADC-F5VM01,LzPc-Security_Core_External-rg,LzPc-PBMM Core,none,LzPcADC-F5VM01-nic3-config,LzPcCNR-Core-Transit-snet,172.16.1.11,static,none,TRUE,FALSE,none,TRUE,none,none,none,none,LzPcADC-F5VM01-nic3-config2,nic3-config2,172.16.1.13,#,Transit,Core-Transit,LzPcCNR-F5VM-nsg,none,
LzPcADC-F5VM02-nic1,LzPcADC-F5VM02,LzPc-Security_Core_External-rg,LzPc-PBMM Core,none,LzPcADC-F5VM02-nic1-config,LzPcCNR-Core-MGMT-snet,172.16.5.12,static,none,FALSE,FALSE,none,TRUE,none,none,none,none,none,none,none,#,Mgmt,Core-MGMT,LzPcCNR-F5VM-nsg,LzPcADC-F5VM02-pip1,
LzPcADC-F5VM02-nic2,LzPcADC-F5VM02,LzPc-Security_Core_External-rg,LzPc-PBMM Core,none,LzPcADC-F5VM02-nic2-config,LzPcCNR-Core-External-snet,172.16.0.12,static,LzPcADC-F5VM02-pip1,TRUE,FALSE,none,TRUE,none,none,none,none,LzPcADC-F5VM02-nic2-config2,nic2-config2,172.16.0.14,#,External,Core-External,LzPcCNR-F5VM-nsg,none,
LzPcADC-F5VM02-nic3,LzPcADC-F5VM02,LzPc-Security_Core_External-rg,LzPc-PBMM Core,none,LzPcADC-F5VM02-nic3-config,LzPcCNR-Core-Transit-snet,172.16.1.12,static,none,TRUE,FALSE,none,TRUE,none,none,none,none,LzPcADC-F5VM02-nic3-config2,nic3-config2,172.16.1.14,#,Transit,Core-Transit,LzPcCNR-F5VM-nsg,none,
LzPcFWL-FGVM01-nic1,LzPcFWL-FGVM01,LzPc-Security_Core-rg,LzPc-PBMM Core,none,LzPcFWL-FGVM01-nic1-config,LzPcCNR-Core-Transit-snet,172.16.1.21,static,none,TRUE,FALSE,none,TRUE,none,none,none,none,none,none,none,#,OOB Mgmt,Core-Transit,LzPcCNR-FGVM-nsg,none,
LzPcFWL-FGVM01-nic2,LzPcFWL-FGVM01,LzPc-Security_Core-rg,LzPc-PBMM Core,none,LzPcFWL-FGVM01-nic2-config,LzPcCNR-Core-HA-snet,172.16.31.11,static,none,FALSE,FALSE,none,TRUE,none,none,none,none,none,none,none,#,HA / Sync,Core-HA,LzPcCNR-FGVM-nsg,none,
LzPcFWL-FGVM01-nic3,LzPcFWL-FGVM01,LzPc-Security_Core-rg,LzPc-PBMM Core,none,LzPcFWL-FGVM01-nic3-config,LzPcCNR-Core-MGMT-snet,172.16.5.21,static,none,FALSE,FALSE,none,TRUE,none,none,none,none,none,none,none,#,Transit Prod,Core-MGMT,LzPcCNR-FGVM-nsg,none,
LzPcFWL-FGVM01-nic4,LzPcFWL-FGVM01,LzPc-Security_Core-rg,LzPc-PBMM Core,none,LzPcFWL-FGVM01-nic4-config,LzPcCNR-Core-Int_Prod-snet,172.16.2.11,static,none,TRUE,FALSE,none,TRUE,none,none,none,none,none,none,none,#,Internal Prod,Core-Int_Prod,LzPcCNR-FGVM-nsg,none,
LzPcFWL-FGVM01-nic5,LzPcFWL-FGVM01,LzPc-Security_Core-rg,LzPc-PBMM Core,none,LzPcFWL-FGVM01-nic5-config,LzPcCNR-Core-MRZ-snet,172.16.4.11,static,none,TRUE,FALSE,none,TRUE,none,none,none,none,none,none,none,#,Mgmt ,Core-MRZ,LzPcCNR-FGVM-nsg,LzPcFWL-FGVM01-pip1,
LzPcFWL-FGVM01-nic6,LzPcFWL-FGVM01,LzPc-Security_Core-rg,LzPc-PBMM Core,none,LzPcFWL-FGVM01-nic6-config,LzPcCNR-Core-Transit-snet,172.16.1.31,static,none,TRUE,FALSE,none,TRUE,none,none,none,none,none,none,none,#,Transit Dev,Core-Transit,LzPcCNR-FGVM-nsg,none,
LzPcFWL-FGVM01-nic7,LzPcFWL-FGVM01,LzPc-Security_Core-rg,LzPc-PBMM Core,none,LzPcFWL-FGVM01-nic7-config,LzPcCNR-Core-Int_Dev-snet,172.16.3.11,static,none,TRUE,FALSE,none,TRUE,none,none,none,none,none,none,none,#,Internal Dev,Core-Int_Dev,LzPcCNR-FGVM-nsg,none,
LzPcFWL-FGVM02-nic1,LzPcFWL-FGVM02,LzPc-Security_Core-rg,LzPc-PBMM Core,none,LzPcFWL-FGVM02-nic1-config,LzPcCNR-Core-Transit-snet,172.16.1.22,static,none,TRUE,FALSE,none,TRUE,none,none,none,none,none,none,none,#,OOB Mgmt,Core-Transit,LzPcCNR-FGVM-nsg,none,
LzPcFWL-FGVM02-nic2,LzPcFWL-FGVM02,LzPc-Security_Core-rg,LzPc-PBMM Core,none,LzPcFWL-FGVM02-nic2-config,LzPcCNR-Core-HA-snet,172.16.31.12,static,none,FALSE,FALSE,none,TRUE,none,none,none,none,none,none,none,#,HA / Sync,Core-HA,LzPcCNR-FGVM-nsg,none,
LzPcFWL-FGVM02-nic3,LzPcFWL-FGVM02,LzPc-Security_Core-rg,LzPc-PBMM Core,none,LzPcFWL-FGVM02-nic3-config,LzPcCNR-Core-MGMT-snet,172.16.5.22,static,none,FALSE,FALSE,none,TRUE,none,none,none,none,none,none,none,#,Transit Prod,Core-MGMT,LzPcCNR-FGVM-nsg,none,
LzPcFWL-FGVM02-nic4,LzPcFWL-FGVM02,LzPc-Security_Core-rg,LzPc-PBMM Core,none,LzPcFWL-FGVM02-nic4-config,LzPcCNR-Core-Int_Prod-snet,172.16.2.12,static,none,TRUE,FALSE,none,TRUE,none,none,none,none,none,none,none,#,Internal Prod,Core-Int_Prod,LzPcCNR-FGVM-nsg,none,
LzPcFWL-FGVM02-nic5,LzPcFWL-FGVM02,LzPc-Security_Core-rg,LzPc-PBMM Core,none,LzPcFWL-FGVM02-nic5-config,LzPcCNR-Core-MRZ-snet,172.16.4.12,static,none,TRUE,FALSE,none,TRUE,none,none,none,none,none,none,none,#,Mgmt ,Core-MRZ,LzPcCNR-FGVM-nsg,LzPcFWL-FGVM02-pip1,
LzPcFWL-FGVM02-nic6,LzPcFWL-FGVM02,LzPc-Security_Core-rg,LzPc-PBMM Core,none,LzPcFWL-FGVM02-nic6-config,LzPcCNR-Core-Transit-snet,172.16.1.32,static,none,TRUE,FALSE,none,TRUE,none,none,none,none,none,none,none,#,Transit Dev,Core-Transit,LzPcCNR-FGVM-nsg,none,
LzPcFWL-FGVM02-nic7,LzPcFWL-FGVM02,LzPc-Security_Core-rg,LzPc-PBMM Core,none,LzPcFWL-FGVM02-nic7-config,LzPcCNR-Core-Int_Dev-snet,172.16.3.12,static,none,TRUE,FALSE,none,TRUE,none,none,none,none,none,none,none,#,Internal Dev,Core-Int_Dev,LzPcCNR-FGVM-nsg,none,
# fortinet firewall configuration values,,,,,,,,,,,,,,,,,,,,,,,,,,
# config file name,variable name,variable value,rules continue?,,,,,,,,,,,,,,,,,,,,,,,
fg1_custom_data,fgt_vm_name,LzPcFWL-FGVM01,yes,# derived from config,,,,,,,,,,,,,,,,,,,,,,
fg1_custom_data,fgt_license_file,${path.module}/Fortinet_Configuration/FGVM08TM20003979.lic,yes,# hardcoded,,,,,,,,,,,,,,,,,,,,,,
fg1_custom_data,fgt_ha_peerip,azurerm_network_interface.LzPcFWL-FGVM01-nic2.ip_configuration[0].private_ip_address,yes,# derived from config,,,,,,,,,,,,,,,,,,,,,,
fg1_custom_data,vnet_network,azurerm_virtual_network.LzPcCNR-Core-vnet.address_space[0],yes,# derived from config,,,,,,,,,,,,,,,,,,,,,,
fg1_custom_data,fgt_vdom_prod_vdomlink0_ipaddr,172.16.31.11,yes,# hardcoded,,,,,,,,,,,,,,,,,,,,,,
fg1_custom_data,fgt_vdom_prod_vdomlink0_mask,255.255.255.128,yes,# hardcoded,,,,,,,,,,,,,,,,,,,,,,
fg1_custom_data,fgt_vdom_dev_vdomlink1_ipaddr,172.16.31.12,yes,# hardcoded,,,,,,,,,,,,,,,,,,,,,,
fg1_custom_data,fgt_vdom_dev_vdomlink1_mask,255.255.255.128,yes,# hardcoded,,,,,,,,,,,,,,,,,,,,,,
fg1_custom_data,fgt_vnet_name_prod,LzPcCNR-Prod-vnet,yes,# derived from config,,,,,,,,,,,,,,,,,,,,,,
fg1_custom_data,fgt_vnet_network_prod,172.16.64.0,yes,# derived from config,,,,,,,,,,,,,,,,,,,,,,
fg1_custom_data,fgt_vnet_mask_prod,255.255.240.0,yes,# hardcoded,,,,,,,,,,,,,,,,,,,,,,
fg1_custom_data,fgt_vnet_name_mrz,LzPcCNR-MRZ-vnet,yes,# derived from config,,,,,,,,,,,,,,,,,,,,,,
fg1_custom_data,fgt_vnet_network_mrz,172.16.32.0,yes,# derived from config,,,,,,,,,,,,,,,,,,,,,,
fg1_custom_data,fgt_vnet_mask_mrz,255.255.240.0,yes,# hardcoded,,,,,,,,,,,,,,,,,,,,,,
fg1_custom_data,fgt_vnet_name_dev,LzDcCNR-Dev-vnet,yes,# derived from config,,,,,,,,,,,,,,,,,,,,,,
fg1_custom_data,fgt_vnet_network_dev,172.17.64.0,yes,# derived from config,,,,,,,,,,,,,,,,,,,,,,
fg1_custom_data,fgt_vnet_mask_dev,255.255.240.0,yes,# hardcoded,,,,,,,,,,,,,,,,,,,,,,
fg1_custom_data,fgt_vdom_prod_external_ipaddr,azurerm_network_interface.LzPcFWL-FGVM01-nic1.ip_configuration[0].private_ip_address,yes,# derived from config,,,,,,,,,,,,,,,,,,,,,,
fg1_custom_data,fgt_vdom_prod_external_mask,"${element(split(""/"" ; azurerm_subnet.LzPcCNR-Core-Transit-snet.address_prefix); 1)}",yes,# derived from config,,,,,,,,,,,,,,,,,,,,,,
fg1_custom_data,fgt_vdom_prod_external_gw,cidrhost(azurerm_subnet.LzPcCNR-Core-Transit-snet.address_prefix; 1),yes,# derived from config,,,,,,,,,,,,,,,,,,,,,,
fg1_custom_data,fgt_vdom_prod_internal_ipaddr,azurerm_network_interface.LzPcFWL-FGVM01-nic4.ip_configuration[0].private_ip_address,yes,# derived from config,#Port4 ScPcCNR-Core-Int_Prod-snet,,,,,,,,,,,,,,,,,,,,,
fg1_custom_data,fgt_vdom_prod_internal_mask,"${element(split(""/""; azurerm_subnet.LzPcCNR-Core-Int_Prod-snet.address_prefix); 1)}",yes,# derived from config,,,,,,,,,,,,,,,,,,,,,,
fg1_custom_data,fgt_vdom_prod_internal_gw,cidrhost(azurerm_subnet.LzPcCNR-Core-Int_Prod-snet.address_prefix; 1),yes,# derived from config,,,,,,,,,,,,,,,,,,,,,,
fg1_custom_data,fgt_vdom_dev_external_ipaddr,azurerm_network_interface.LzPcFWL-FGVM01-nic6.ip_configuration[0].private_ip_address,yes,# derived from config,#Port6 ScPcCNR-Core-Transit-snet,,,,,,,,,,,,,,,,,,,,,
fg1_custom_data,fgt_vdom_dev_external_mask,"${element(split(""/""; azurerm_subnet.LzPcCNR-Core-Transit-snet.address_prefix); 1)}",yes,# derived from config,,,,,,,,,,,,,,,,,,,,,,
fg1_custom_data,fgt_vdom_dev_external_gw,cidrhost(azurerm_subnet.LzPcCNR-Core-Transit-snet.address_prefix; 1),yes,# derived from config,,,,,,,,,,,,,,,,,,,,,,
fg1_custom_data,fgt_vdom_dev_internal_ipaddr,azurerm_network_interface.LzPcFWL-FGVM01-nic7.ip_configuration[0].private_ip_address,yes,# derived from config,#Port7 ScPcCNR-Core-Int_Dev-snet,,,,,,,,,,,,,,,,,,,,,
fg1_custom_data,fgt_vdom_dev_internal_mask,"${element(split(""/""; azurerm_subnet.LzPcCNR-Core-Int_Dev-snet.address_prefix); 1)}",yes,# derived from config,,,,,,,,,,,,,,,,,,,,,,
fg1_custom_data,fgt_vdom_dev_internal_gw,cidrhost(azurerm_subnet.LzPcCNR-Core-Int_Dev-snet.address_prefix; 1),yes,# derived from config,,,,,,,,,,,,,,,,,,,,,,
fg1_custom_data,fgt_hasync_ipaddr,azurerm_network_interface.LzPcFWL-FGVM01-nic2.ip_configuration[0].private_ip_address,yes,# derived from config,#Port2 ScPcCNR-Core-HA-snet,,,,,,,,,,,,,,,,,,,,,
fg1_custom_data,fgt_hasync_mask,"${element(split(""/""; azurerm_subnet.LzPcCNR-Core-HA-snet.address_prefix); 1)}",yes,# derived from config,,,,,,,,,,,,,,,,,,,,,,
fg1_custom_data,fgt_hasync_gw,cidrhost(azurerm_subnet.LzPcCNR-Core-HA-snet.address_prefix; 1),yes,# derived from config,,,,,,,,,,,,,,,,,,,,,,
fg1_custom_data,fgt_vdom_prod_mrz_internal_ipaddr,azurerm_network_interface.LzPcFWL-FGVM01-nic5.ip_configuration[0].private_ip_address,yes,# derived from config,#Port5 ScPcCNR-Core-MRZ-snet,,,,,,,,,,,,,,,,,,,,,
fg1_custom_data,fgt_vdom_prod_mrz_mask,"${element(split(""/""; azurerm_subnet.LzPcCNR-Core-MRZ-snet.address_prefix); 1)}",yes,# derived from config,,,,,,,,,,,,,,,,,,,,,,
fg1_custom_data,fgt_vdom_prod_mrz_gw,cidrhost(azurerm_subnet.LzPcCNR-Core-MRZ-snet.address_prefix; 1),yes,# derived from config,,,,,,,,,,,,,,,,,,,,,,
fg1_custom_data,fgt_mgmt_ipaddr,azurerm_network_interface.LzPcFWL-FGVM01-nic3.ip_configuration[0].private_ip_address,yes,# derived from config,#Port3 ScPcCNR-Core-MRZ-snet,,,,,,,,,,,,,,,,,,,,,
fg1_custom_data,fgt_mgmt_mask,"${element(split(""/""; azurerm_subnet.LzPcCNR-Core-MGMT-snet.address_prefix); 1)})",yes,# derived from config,,,,,,,,,,,,,,,,,,,,,,
fg1_custom_data,fgt_mgmt_gw,cidrhost(azurerm_subnet.LzPcCNR-Core-MGMT-snet.address_prefix; 1),no,# derived from config,# note last col value to end series,,,,,,,,,,,,,,,,,,,,,
fg2_custom_data,fgt_vm_name,LzPcFWL-FGVM02,yes,# derived from config,,,,,,,,,,,,,,,,,,,,,,
fg2_custom_data,fgt_license_file,${path.module}/Fortinet_Configuration/FGVM08TM20004000.lic,yes,# hardcoded,,,,,,,,,,,,,,,,,,,,,,
fg2_custom_data,fgt_ha_peerip,azurerm_network_interface.LzPcFWL-FGVM02-nic2.ip_configuration[0].private_ip_address,yes,# derived from config,,,,,,,,,,,,,,,,,,,,,,
fg2_custom_data,vnet_network,azurerm_virtual_network.LzPcCNR-Core-vnet.address_space[0],yes,# derived from config,,,,,,,,,,,,,,,,,,,,,,
fg2_custom_data,fgt_vdom_prod_vdomlink0_ipaddr,172.16.31.11,yes,# hardcoded,,,,,,,,,,,,,,,,,,,,,,
fg2_custom_data,fgt_vdom_prod_vdomlink0_mask,255.255.255.128,yes,# hardcoded,,,,,,,,,,,,,,,,,,,,,,
fg2_custom_data,fgt_vdom_dev_vdomlink1_ipaddr,17216.31.12,yes,# hardcoded,,,,,,,,,,,,,,,,,,,,,,
fg2_custom_data,fgt_vdom_dev_vdomlink1_mask,255.255.255.128,yes,# hardcoded,,,,,,,,,,,,,,,,,,,,,,
fg2_custom_data,fgt_vnet_network_prod,172.16.64.0,yes,# derived from config,,,,,,,,,,,,,,,,,,,,,,
fg2_custom_data,fgt_vnet_mask_prod,255.255.240.0,yes,# hardcoded,,,,,,,,,,,,,,,,,,,,,,
fg2_custom_data,fgt_vnet_network_mrz,172.16.32.0,yes,# derived from config,,,,,,,,,,,,,,,,,,,,,,
fg2_custom_data,fgt_vnet_mask_mrz,255.255.240.0,yes,# hardcoded,,,,,,,,,,,,,,,,,,,,,,
fg2_custom_data,fgt_vnet_network_dev,172.17.64.0,yes,# derived from config,,,,,,,,,,,,,,,,,,,,,,
fg2_custom_data,fgt_vnet_mask_dev,255.255.240.0,yes,# hardcoded,,,,,,,,,,,,,,,,,,,,,,
fg2_custom_data,fgt_vnet_name_prod,LzPcCNR-Prod-vnet,yes,# derived from config,,,,,,,,,,,,,,,,,,,,,,
fg2_custom_data,fgt_vnet_name_mrz,LzPcCNR-MRZ-vnet,yes,# derived from config,,,,,,,,,,,,,,,,,,,,,,
fg2_custom_data,fgt_vnet_name_dev,LzDcCNR-Dev-vnet,yes,# derived from config,,,,,,,,,,,,,,,,,,,,,,
fg2_custom_data,fgt_vdom_prod_external_ipaddr,azurerm_network_interface.LzPcFWL-FGVM02-nic1.ip_configuration[0].private_ip_address,yes,# derived from config,,,,,,,,,,,,,,,,,,,,,,
fg2_custom_data,fgt_vdom_prod_external_mask,"${element(split(""/"" ; azurerm_subnet.LzPcCNR-Core-Transit-snet.address_prefix); 1)}",yes,# derived from config,,,,,,,,,,,,,,,,,,,,,,
fg2_custom_data,fgt_vdom_prod_external_gw,cidrhost(azurerm_subnet.LzPcCNR-Core-Transit-snet.address_prefix; 1),yes,# derived from config,,,,,,,,,,,,,,,,,,,,,,
fg2_custom_data,fgt_vdom_prod_internal_ipaddr,azurerm_network_interface.LzPcFWL-FGVM02-nic4.ip_configuration[0].private_ip_address,yes,# derived from config,#Port4 ScPcCNR-Core-Int_Prod-snet,,,,,,,,,,,,,,,,,,,,,
fg2_custom_data,fgt_vdom_prod_internal_mask,"${element(split(""/""; azurerm_subnet.LzPcCNR-Core-Int_Prod-snet.address_prefix); 1)}",yes,# derived from config,,,,,,,,,,,,,,,,,,,,,,
fg2_custom_data,fgt_vdom_prod_internal_gw,cidrhost(azurerm_subnet.LzPcCNR-Core-Int_Prod-snet.address_prefix; 1),yes,# derived from config,,,,,,,,,,,,,,,,,,,,,,
fg2_custom_data,fgt_vdom_dev_external_ipaddr,azurerm_network_interface.LzPcFWL-FGVM02-nic6.ip_configuration[0].private_ip_address,yes,# derived from config,#Port6 ScPcCNR-Core-Transit-snet,,,,,,,,,,,,,,,,,,,,,
fg2_custom_data,fgt_vdom_dev_external_mask,"${element(split(""/""; azurerm_subnet.LzPcCNR-Core-Transit-snet.address_prefix); 1)}",yes,# derived from config,,,,,,,,,,,,,,,,,,,,,,
fg2_custom_data,fgt_vdom_dev_external_gw,cidrhost(azurerm_subnet.LzPcCNR-Core-Transit-snet.address_prefix; 1),yes,# derived from config,,,,,,,,,,,,,,,,,,,,,,
fg2_custom_data,fgt_vdom_dev_internal_ipaddr,azurerm_network_interface.LzPcFWL-FGVM02-nic7.ip_configuration[0].private_ip_address,yes,# derived from config,#Port7 ScPcCNR-Core-Int_Dev-snet,,,,,,,,,,,,,,,,,,,,,
fg2_custom_data,fgt_vdom_dev_internal_mask,"${element(split(""/""; azurerm_subnet.LzPcCNR-Core-Int_Dev-snet.address_prefix); 1)}",yes,# derived from config,,,,,,,,,,,,,,,,,,,,,,
fg2_custom_data,fgt_vdom_dev_internal_gw,cidrhost(azurerm_subnet.LzPcCNR-Core-Int_Dev-snet.address_prefix; 1),yes,# derived from config,,,,,,,,,,,,,,,,,,,,,,
fg2_custom_data,fgt_hasync_ipaddr,azurerm_network_interface.LzPcFWL-FGVM02-nic2.ip_configuration[0].private_ip_address,yes,# derived from config,#Port2 ScPcCNR-Core-HA-snet,,,,,,,,,,,,,,,,,,,,,
fg2_custom_data,fgt_hasync_mask,"${element(split(""/""; azurerm_subnet.LzPcCNR-Core-HA-snet.address_prefix); 1)}",yes,# derived from config,,,,,,,,,,,,,,,,,,,,,,
fg2_custom_data,fgt_hasync_gw,cidrhost(azurerm_subnet.LzPcCNR-Core-HA-snet.address_prefix; 1),yes,# derived from config,,,,,,,,,,,,,,,,,,,,,,
fg2_custom_data,fgt_vdom_prod_mrz_internal_ipaddr,azurerm_network_interface.LzPcFWL-FGVM02-nic5.ip_configuration[0].private_ip_address,yes,# derived from config,#Port5 ScPcCNR-Core-MRZ-snet,,,,,,,,,,,,,,,,,,,,,
fg2_custom_data,fgt_vdom_prod_mrz_mask,"${element(split(""/""; azurerm_subnet.LzPcCNR-Core-MRZ-snet.address_prefix); 1)}",yes,# derived from config,,,,,,,,,,,,,,,,,,,,,,
fg2_custom_data,fgt_vdom_prod_mrz_gw,cidrhost(azurerm_subnet.LzPcCNR-Core-MRZ-snet.address_prefix; 1),yes,# derived from config,,,,,,,,,,,,,,,,,,,,,,
fg2_custom_data,fgt_mgmt_ipaddr,azurerm_network_interface.LzPcFWL-FGVM02-nic3.ip_configuration[0].private_ip_address,yes,# derived from config,#Port3 ScPcCNR-Core-MRZ-snet,,,,,,,,,,,,,,,,,,,,,
fg2_custom_data,fgt_mgmt_mask,"${element(split(""/""; azurerm_subnet.LzPcCNR-Core-MGMT-snet.address_prefix); 1)}",yes,# derived from config,,,,,,,,,,,,,,,,,,,,,,
fg2_custom_data,fgt_mgmt_gw,cidrhost(azurerm_subnet.LzPcCNR-Core-MGMT-snet.address_prefix; 1),no,# derived from config,# note last col value to end series,,,,,,,,,,,,,,,,,,,,,
"# public IP addresses for domain controllers dc1 and dc2 are temporarily provided for configuration purposes only; these can be removed by setting the cells to empty, or post configuration manually in azure portal",,,,,,,,,,,,,,,,,,,,,,,,,,
# public addresses deactivated to comply with pbmm requirements; possibly one single public ip on external load balancer might be permitted for entry / config,,,,,,,,,,,,,,,,,,,,,,,,,,
# public IP address; must end in pipX to be detected,name of core vm,rg,subscription,allocation_method,domain_name_label,,,,,,,,,,,,,,,,,,,,,
#,LzPcSWA-ADDS01-pip1,LzPcSWA-ADDS01,LzPc-Network_Core-rg,LzPc-PBMM Core,Dynamic,null,,,,,,,,,,,,,,,,,,,,
#,LzPcSWA-ADDS02-pip1,LzPcSWA-ADDS02,LzPc-Network_Core-rg,LzPc-PBMM Core,Dynamic,null,,,,,,,,,,,,,,,,,,,,
#,LzPcFWL-FGVM01-pip1,LzPcFWL-FGVM01,LzPc-Network_Core-rg,LzPc-PBMM Core,Dynamic,null,,,,,,,,,,,,,,,,,,,,
#,LzPcFWL-FGVM02-pip1,LzPcFWL-FGVM02,LzPc-Network_Core-rg,LzPc-PBMM Core,Dynamic,null,,,,,,,,,,,,,,,,,,,,
LzPcADS-AZLB-pip1,AZLB,LzPc-Security_Core_External-rg,LzPc-PBMM Core,Dynamic,AZLBlbpip,,,,,,,,,,,,,,,,,,,,,
LzPcADC-F5VM01-pip1,LzPcADC-F5VM01,LzPc-Security_Core_External-rg,LzPc-PBMM Core,Dynamic,null,,,,,,,,,,,,,,,,,,,,,
LzPcADC-F5VM02-pip1,LzPcADC-F5VM02,LzPc-Security_Core_External-rg,LzPc-PBMM Core,Dynamic,null,,,,,,,,,,,,,,,,,,,,,
# availability set; must end in availabilityset to be detected,name of availabilityset,rg,subscription,platform_fault_domain_count,platform_update_domain_count,managed,,,,,,,,,,,,,,,,,,,,
LzPcDSWA-ADDS-as,ADDS,LzPc-System_Core-rg,LzPc-PBMM Core,2,3,TRUE,,,,,,,,,,,,,,,,,,,,
LzPcDSWJ-RDSH-as,RDSH,LzPc-System_Core-rg,LzPc-PBMM Core,2,3,TRUE,,,,,,,,,,,,,,,,,,,,
LzPcDFWL-FGVM-as,FGVM,LzPc-Security_Core-rg,LzPc-PBMM Core,2,2,TRUE,,,,,,,,,,,,,,,,,,,,
LzPcDADC-F5-as,F5,LzPc-Security_Core_External-rg,LzPc-PBMM Core,2,2,TRUE,,,,,,,,,,,,,,,,,,,,
# f5 data modules - line to trigger data setup of f5; resulting file may require new terraform init command,,,,,,,,,,,,,,,,,,,,,,,,,,
# trigger,# log analytics to use,# public ip,,,,,,,,,,,,,,,,,,,,,,,,
f5data,LzPcCSDLzLAW,LzPcADS-AZLB-pip1,,,,,,,,,,,,,,,,,,,,,,,,
# virtual machine extensions,,,,,,,,,,,,,,,,,,,,,,,,,,
# active directory vm configuration using azurerm_virtual_machine_extension; currently not fully supported due to issues outlined in https://stackoverflow.com/questions/41958419/azure-powershell-cant-find-resource-vm-by-name,,,,,,,,,,,,,,,,,,,,,,,,,,
# azurerm_virtual_machine_extension name,short name of extension,rg,subscription,associated vm,domain name,DnsForwarder,dc nic,ReverseZoneObject,UserName,Password,,,,,,,,,,,,,,,,
"# =CONCATENATE($C$2,$C$3,$C$4,$C$5,""-"",B93,$C$8,""-ext"")",createMgmtADForest,LzPc-System_Core-rg,LzPc-PBMM Core,LzPcSWA-ADDS01,csd.local,168.63.129.16,LzPcSWA-ADDS01-nic1,16.129.63,alit,Canada1!,,,,,,,,,,,,,,,,
"# =CONCATENATE($C$2,$C$3,$C$4,$C$5,""-"",B94,$C$8,""-ext"")",createMgmtADForest2,LzPc-System_Core-rg,LzPc-PBMM Core,LzPcSWA-ADDS02,csd.local,168.63.129.16,LzPcSWA-ADDS02-nic1,16.129.63,alit,Canada1!,,,,,,,,,,,,,,,,
# log analytics workspaces - shared services will use a single pre-existing log analytics workspace as per microsoft recommendation; rare cases might require creation of new workspace,,,,,,,,,,,,,,,,,,,,,,,,,,
# default workspace - ScDcSEC-VDCCore-law under rg scdc-csd-vdc_seclog-rg,,,,,,,,,,,,,,,,,,,,,,,,,,
# law full name,law short name,rg,subscription,sku,retention_in_days,,,,,,,,,,,,,,,,,,,,,
LzPcCSDLzLAW,LzLAW,LzPc-Network_Core-rg,LzPc-PBMM Core,pergb2018,300,,,,,,,,,,,,,,,,,,,,,
# azure load balancers and associated components,,,,,,,,,,,,,,,,,,,,,,,,,,
# full name load balancer ,name of lb,rg,subscription,sku,frontend_ip_configuration_name,config short name,private_ip_address_allocation,private_ip_address,snet full name,snet short name,additional frontend ip configs?,public ip [for ext only],,,,,,,,,,,,,,
LzPcADC-F5Int-lb,F5Int,LzPc-Security_Core_External-rg,LzPc-PBMM Core,null,LzPcFWL-F5Int-Int-F5-lbfe,Int-F5,static,172.16.1.10,LzPcCNR-Core-Transit-snet,Core-Transit,no,null,# internal f5 lb,,,,,,,,,,,,,
LzPcADC-F5Ext-lb,F5Ext,LzPc-Security_Core_External-rg,LzPc-PBMM Core,null,LzPcFWL-F5Ext-Ext-F5-lbfe,Ext-F5,null,null,null,null,no,LzPcADS-AZLB-pip1,# external f5 lb,,,,,,,,,,,,,
LzPcFWL-FGVM-lb,FGVM,LzPc-Security_Core-rg,LzPc-PBMM Core,standard,LzPcFWL-FGVM-Transit_Prod-lbfe,Transit_Prod,static,172.16.1.20,LzPcCNR-Core-Transit-snet,Core-Transit,yes,null,# firewall 5 port lb,,,,,,,,,,,,,
LzPcFWL-FGVM-lb,FGVM,LzPc-Security_Core-rg,LzPc-PBMM Core,standard,LzPcFWL-FGVM-Transit_Dev-lbfe,Transit_Dev,static,172.16.1.30,LzPcCNR-Core-Transit-snet,Core-Transit,yes,null,# firewall 5 port lb,,,,,,,,,,,,,
LzPcFWL-FGVM-lb,FGVM,LzPc-Security_Core-rg,LzPc-PBMM Core,standard,LzPcFWL-FGVM-Core-Int_Prod-lbfe,Core-Int_Prod,static,172.16.2.10,LzPcCNR-Core-Int_Prod-snet,Core-Int_Prod,yes,null,# firewall 5 port lb,,,,,,,,,,,,,
LzPcFWL-FGVM-lb,FGVM,LzPc-Security_Core-rg,LzPc-PBMM Core,standard,LzPcFWL-FGVM-Core-Int_Dev-lbfe,Core-Int_Dev,static,172.16.3.10,LzPcCNR-Core-Int_Dev-snet,Core-Int_Dev,yes,null,# firewall 5 port lb,,,,,,,,,,,,,
LzPcFWL-FGVM-lb,FGVM,LzPc-Security_Core-rg,LzPc-PBMM Core,standard,LzPcFWL-FGVM-Core-MRZ-lbfe,Core-MRZ,static,172.16.4.10,LzPcCNR-Core-MRZ-snet,Core-MRZ,no,null,# firewall 5 port lb,,,,,,,,,,,,,
# full name lb backend pool,name of lb,rg,subscription,loadbalancer_id,,,,,,,,,,,,,,,,,,,,,,
LzPcADC-F5Int-lbbp,F5Int,LzPc-Security_Core_External-rg,LzPc-PBMM Core,LzPcADC-F5Int-lb,# internal f5 lb,,,,,,,,,,,,,,,,,,,,,
LzPcADC-F5Ext-lbbp,F5Ext,LzPc-Security_Core_External-rg,LzPc-PBMM Core,LzPcADC-F5Ext-lb,# external f5 lb,,,,,,,,,,,,,,,,,,,,,
LzPcFWL-FGVM-Transit_Prod-lbbp,FGVM-Transit_Prod,LzPc-Security_Core-rg,LzPc-PBMM Core,LzPcFWL-FGVM-lb,# fortinet vm,,,,,,,,,,,,,,,,,,,,,
LzPcFWL-FGVM-Transit_Dev-lbbp,FGVM-Transit_Dev,LzPc-Security_Core-rg,LzPc-PBMM Core,LzPcFWL-FGVM-lb,# fortinet vm,,,,,,,,,,,,,,,,,,,,,
LzPcFWL-FGVM-Int_Prod-lbbp,FGVM-Int_Prod,LzPc-Security_Core-rg,LzPc-PBMM Core,LzPcFWL-FGVM-lb,# fortinet vm,,,,,,,,,,,,,,,,,,,,,
LzPcFWL-FGVM-Int_Dev-lbbp,FGVM-Int_Dev,LzPc-Security_Core-rg,LzPc-PBMM Core,LzPcFWL-FGVM-lb,# fortinet vm,,,,,,,,,,,,,,,,,,,,,
LzPcFWL-FGVM-MRZ-lbbp,FGVM-MRZ,LzPc-Security_Core-rg,LzPc-PBMM Core,LzPcFWL-FGVM-lb,# fortinet vm,,,,,,,,,,,,,,,,,,,,,
# full name lb backend pool assocation,name of lb,nic card,ip config,backend pool,subscription,rg,,,,,,,,,,,,,,,,,,,,
LzPcADC-F5Int-lbbpa,F5Int,LzPcADC-F5VM01-nic2,LzPcADC-F5VM01-nic2-config,LzPcADC-F5Int-lbbp,LzPc-PBMM Core,LzPc-Security_Core_External-rg,# internal f5 lb,,,,,,,,,,,,,,,,,,,
LzPcADC-F5Ext-lbbpa,F5Ext,LzPcADC-F5VM02-nic2,LzPcADC-F5VM02-nic2-config,LzPcADC-F5Ext-lbbp,LzPc-PBMM Core,LzPc-Security_Core_External-rg,# external f5 lb,,,,,,,,,,,,,,,,,,,
LzPcFWL-FGVM-Transit_Prod-lbbpa1,FGVM-Transit_Prod,LzPcFWL-FGVM01-nic1,LzPcFWL-FGVM01-nic1-config,LzPcFWL-FGVM-Transit_Prod-lbbp,LzPc-PBMM Core,LzPc-Security_Core-rg,# fortinet vm,,,,,,,,,,,,,,,,,,,
LzPcFWL-FGVM-Transit_Prod-lbbpa2,FGVM-Transit_Prod,LzPcFWL-FGVM02-nic1,LzPcFWL-FGVM02-nic1-config,LzPcFWL-FGVM-Transit_Prod-lbbp,LzPc-PBMM Core,LzPc-Security_Core-rg,# fortinet vm,,,,,,,,,,,,,,,,,,,
LzPcFWL-FGVM-Transit_Dev-lbbpa1,FGVM-Transit_Dev,LzPcFWL-FGVM01-nic6,LzPcFWL-FGVM01-nic6-config,LzPcFWL-FGVM-Transit_Dev-lbbp,LzPc-PBMM Core,LzPc-Security_Core-rg,# fortinet vm,,,,,,,,,,,,,,,,,,,
LzPcFWL-FGVM-Transit_Dev-lbbpa2,FGVM-Transit_Dev,LzPcFWL-FGVM02-nic6,LzPcFWL-FGVM02-nic6-config,LzPcFWL-FGVM-Transit_Dev-lbbp,LzPc-PBMM Core,LzPc-Security_Core-rg,# fortinet vm,,,,,,,,,,,,,,,,,,,
LzPcFWL-FGVM-Int_Prod-lbbpa1,FGVM-Int_Prod,LzPcFWL-FGVM01-nic4,LzPcFWL-FGVM01-nic4-config,LzPcFWL-FGVM-Int_Prod-lbbp,LzPc-PBMM Core,LzPc-Security_Core-rg,# fortinet vm,,,,,,,,,,,,,,,,,,,
LzPcFWL-FGVM-Int_Prod-lbbpa2,FGVM-Int_Prod,LzPcFWL-FGVM02-nic4,LzPcFWL-FGVM02-nic4-config,LzPcFWL-FGVM-Int_Prod-lbbp,LzPc-PBMM Core,LzPc-Security_Core-rg,# fortinet vm,,,,,,,,,,,,,,,,,,,
LzPcFWL-FGVM-Int_Dev-lbbpa1,FGVM-Int_Dev,LzPcFWL-FGVM01-nic7,LzPcFWL-FGVM01-nic7-config,LzPcFWL-FGVM-Int_Dev-lbbp,LzPc-PBMM Core,LzPc-Security_Core-rg,# fortinet vm,,,,,,,,,,,,,,,,,,,
LzPcFWL-FGVM-Int_Dev-lbbpa2,FGVM-Int_Dev,LzPcFWL-FGVM02-nic7,LzPcFWL-FGVM02-nic7-config,LzPcFWL-FGVM-Int_Dev-lbbp,LzPc-PBMM Core,LzPc-Security_Core-rg,# fortinet vm,,,,,,,,,,,,,,,,,,,
LzPcFWL-FGVM-MRZ-lbbpa1,FGVM-MRZ,LzPcFWL-FGVM01-nic5,LzPcFWL-FGVM01-nic5-config,LzPcFWL-FGVM-MRZ-lbbp,LzPc-PBMM Core,LzPc-Security_Core-rg,# fortinet vm,,,,,,,,,,,,,,,,,,,
LzPcFWL-FGVM-MRZ-lbbpa2,FGVM-MRZ,LzPcFWL-FGVM02-nic5,LzPcFWL-FGVM02-nic5-config,LzPcFWL-FGVM-MRZ-lbbp,LzPc-PBMM Core,LzPc-Security_Core-rg,# fortinet vm,,,,,,,,,,,,,,,,,,,
# full name lb health probe,name of lb,rg,subscription,loadbalancer_id,probe name,protocol,port,interval_in_seconds,number_of_probes,,,,,,,,,,,,,,,,,
LzPcADC-F5Int-lbhp,F5Int,LzPc-Security_Core_External-rg,LzPc-PBMM Core,LzPcADC-F5Int-lb,LzPcADC-F5Int-lbhp,tcp,8443,5,2,# internal f5 lb,,,,,,,,,,,,,,,,
LzPcADC-F5Ext-lbhp,F5Ext,LzPc-Security_Core_External-rg,LzPc-PBMM Core,LzPcADC-F5Int-lb,LzPcADC-F5Ext-lbhp,tcp,8443,5,2,# external f5 lb,,,,,,,,,,,,,,,,
LzPcFWL-FGVM-lbhp,FGVM,LzPc-Security_Core-rg,LzPc-PBMM Core,LzPcFWL-FGVM-lb,LzPcFWL-FGVM-lbhp,tcp,8008,5,2,# fortinet vm,,,,,,,,,,,,,,,,
# full name lb rules,name of lb rule,rg,subscription,loadbalancer_id,protocol,frontend_port,backend_port,frontend_ip_configuration_name,enable_floating_ip,backend_address_pool_id,idle_timeout_in_minutes,probe_id,depends_on,name of rule,disable_outbound_snat,,,,,,,,,,,
LzPcFWL-FGVM-Transit_Prod-lbr,FGVM-Transit_Prod,LzPc-Security_Core-rg,LzPc-PBMM Core,LzPcFWL-FGVM-lb,All,0,0,LzPcFWL-FGVM-Transit_Prod-lbfe,FALSE,LzPcFWL-FGVM-Transit_Prod-lbbp,5,LzPcFWL-FGVM-lbhp,LzPcFWL-FGVM-lbhp,LzPcFWL-FGVM-Transit_Prod-lbr,TRUE,# fortinet fg lbr,,,,,,,,,,
LzPcFWL-FGVM-Transit_Dev-lbr,FGVM-Transit_Dev,LzPc-Security_Core-rg,LzPc-PBMM Core,LzPcFWL-FGVM-lb,All,0,0,LzPcFWL-FGVM-Transit_Dev-lbfe,FALSE,LzPcFWL-FGVM-Transit_Dev-lbbp,5,LzPcFWL-FGVM-lbhp,LzPcFWL-FGVM-lbhp,LzPcFWL-FGVM-Transit_Dev-lbr,TRUE,# fortinet fg lbr,,,,,,,,,,
LzPcFWL-FGVM-Int_Prod-lbr,FGVM-Int_Prod,LzPc-Security_Core-rg,LzPc-PBMM Core,LzPcFWL-FGVM-lb,All,0,0,LzPcFWL-FGVM-Core-Int_Prod-lbfe,FALSE,LzPcFWL-FGVM-Int_Prod-lbbp,5,LzPcFWL-FGVM-lbhp,LzPcFWL-FGVM-lbhp,LzPcFWL-FGVM-Int_Prod-lbr,TRUE,# fortinet fg lbr,,,,,,,,,,
LzPcFWL-FGVM-Int_Dev-lbr,FGVM-Int_Dev,LzPc-Security_Core-rg,LzPc-PBMM Core,LzPcFWL-FGVM-lb,All,0,0,LzPcFWL-FGVM-Core-Int_Dev-lbfe,FALSE,LzPcFWL-FGVM-Int_Dev-lbbp,5,LzPcFWL-FGVM-lbhp,LzPcFWL-FGVM-lbhp,LzPcFWL-FGVM-Int_Dev-lbr,TRUE,# fortinet fg lbr,,,,,,,,,,
LzPcFWL-FGVM-MRZ-lbr,FGVM-MRZ,LzPc-Security_Core-rg,LzPc-PBMM Core,LzPcFWL-FGVM-lb,All,0,0,LzPcFWL-FGVM-Core-MRZ-lbfe,FALSE,LzPcFWL-FGVM-MRZ-lbbp,5,LzPcFWL-FGVM-lbhp,LzPcFWL-FGVM-lbhp,LzPcFWL-FGVM-MRZ-lbr,TRUE,# fortinet fg lbr,,,,,,,,,,
#,LzPcADC-F5Inta-lbr,F5Int,LzPc-Security_Core_External-rg,LzPc-PBMM Core,LzPcADC-F5Int-lb,tcp,443,8443,LoadBalancerFrontEnd,FALSE,LzPcADC-F5Int-lbbp,5,LzPcADC-F5Int-lbhp,LzPcADC-F5Int-lbhp,LzPcADC-F5Inta-lbr,# internal f5 lb,,,,,,,,,,
#,LzPcADC-F5Intb-lbr,F5Int,LzPc-Security_Core_External-rg,LzPc-PBMM Core,LzPcADC-F5Int-lb,tcp,80,80,LoadBalancerFrontEnd,FALSE,LzPcADC-F5Int-lbbp,5,LzPcADC-F5Int-lbhp,LzPcADC-F5Int-lbhp,LzPcADC-F5Intb-lbr,# internal f5 lb,,,,,,,,,,
#,LzPcADC-F5Exta-lbr,F5Ext,LzPc-Security_Core_External-rg,LzPc-PBMM Core,LzPcADC-F5Ext-lb,tcp,443,8443,LoadBalancerFrontEnd,FALSE,LzPcADC-F5Ext-lbbp,5,LzPcADC-F5Ext-lbhp,LzPcADC-F5Ext-lbhp,LzPcADC-F5Exta-lbr,# external f5 lb,,,,,,,,,,
#,LzPcADC-F5Extb-lbr,F5Ext,LzPc-Security_Core_External-rg,LzPc-PBMM Core,LzPcADC-F5Ext-lb,tcp,80,80,LoadBalancerFrontEnd,FALSE,LzPcADC-F5Ext-lbbp,5,LzPcADC-F5Ext-lbhp,LzPcADC-F5Ext-lbhp,LzPcADC-F5Extb-lbr,# external f5 lb,,,,,,,,,,
# azure sdn app - required for firewall failover mechanism,,,,,,,,,,,,,,,,,,,,,,,,,,
# sdn full name,name of sdn app,rg,subscription,,,,,,,,,,,,,,,,,,,,,,,
#,LzPcCLD-FGVM-sdn,FGVM,LzPc-Network_Core-rg,LzPc-PBMM Core,,,,,,,,,,,,,,,,,,,,,,
